command,action,code,,,,,,
Go straight down the road,forward,3,,,,,,
Proceed in a straight line,forward,3,,,,labels,,
Move forward without turning,forward,3,,,,on,1,36
Continue straight ahead on this path,forward,3,,,,off,2,36
Head directly down the street,forward,3,,,,forward,3,139
Stay on the straight and narrow,forward,3,,,,back,4,114
Travel straight without any deviations,forward,3,,,,left,5,107
Follow the route in a straight line,forward,3,,,,right,6,107
Maintain your course straight ahead,forward,3,,,,stop,7,6
Move as far as you can see,forward,3,,,,speed_up,8,11
Proceed straight along the way,forward,3,,,,slow_down,9,4
Move on the direct path,forward,3,,,,slight_left,10,6
Keep on the direct path,forward,3,,,,slight_right,11,1
Continue forward without making any turns,forward,3,,,,turn_on_lights,12,2
Head straight toward your destination,forward,3,,,,turn_off_lights,13,8
Stay on the unswerving route,forward,3,,,,u-turn,14,5
Move straight along the trail,forward,3,,,,don’t_forward,15,94
Follow the road without turning left or right,forward,3,,,,don’t_back,16,100
Go ahead without veering off course,forward,3,,,,don’t_left,17,100
Move on the straight and clear route,forward,3,,,,don’t_right,18,100
Continue in a straight trajectory,forward,3,,,,,,
Head straight down the avenue,forward,3,,,,,,
Stay true to the straight path,forward,3,,,,,,976
Move directly towards your goal,forward,3,,,,,,
Move on the straight route,forward,3,,,,,,
Proceed straightforwardly,forward,3,,,,,,
Go straight on this thoroughfare,forward,3,,,,,,
Continue along the straight road,forward,3,,,,,,
Head straight down the boulevard,forward,3,,,,,,
Follow the straight line on the map,forward,3,,,,,,
Move in a straight line without deviation,forward,3,,,,,,
Stay on the direct course,forward,3,,,,,,
Go straight down the corridor,forward,3,,,,,,
Proceed straight through the intersection,forward,3,,,,,,
Move straight ahead without hesitation,forward,3,,,,,,
Keep to the straight and clear road,forward,3,,,,,,
Follow the unbroken line ahead,forward,3,,,,,,
Maintain your course without deviations,forward,3,,,,,,
Move straight with confidence,forward,3,,,,,,
Continue in a straight line without interruptions,forward,3,,,,,,
Head straight through the city,forward,3,,,,,,
Stay on the straightforward route,forward,3,,,,,,
Move directly towards the goal,forward,3,,,,,,
Go straight past the landmarks,forward,3,,,,,,
Proceed straight through the urban landscape,forward,3,,,,,,
Move forward without turning aside,forward,3,,,,,,
Follow the straight trail ahead,forward,3,,,,,,
Head straight across the bridge,forward,3,,,,,,
Stay on the clear path without turning,forward,3,,,,,,
Move in a straight line through the park,forward,3,,,,,,
Continue in a straight trajectory,forward,3,,,,,,
Go straight past the crossroads,forward,3,,,,,,
Maintain a direct course,forward,3,,,,,,
Head straight through the neighborhood,forward,3,,,,,,
Stay true to the straight road,forward,3,,,,,,
Move directly along the established route,forward,3,,,,,,
Follow the unswerving path,forward,3,,,,,,
Go ahead without veering off the straight line,forward,3,,,,,,
Keep on the undeviating course,forward,3,,,,,,
Proceed straight along the riverbank,forward,3,,,,,,
Move directly through the woods,forward,3,,,,,,
Continue straight without distractions,forward,3,,,,,,
Head straight past the landmarks,forward,3,,,,,,
Stay on the direct route without deviation,forward,3,,,,,,
Move straightforwardly through the countryside,forward,3,,,,,,
Go straight towards the mountain,forward,3,,,,,,
Keep on the straight and narrow path,forward,3,,,,,,
Follow the straight line on the horizon,forward,3,,,,,,
Head directly to the coastline,forward,3,,,,,,
Stay on the straight highway,forward,3,,,,,,
Move in a straight line through the desert,forward,3,,,,,,
Continue straight across the plains,forward,3,,, ,,,
Go ahead without turning in any direction,forward,3,,,,,,
Keep to the unswerving trail,forward,3,,,,,,
Proceed straight along the beach,forward,3,,,,,,
Head straight through the canyon,forward,3,,,,,,
Stay true to the straight street,forward,3,,,,,,
Move directly through the valley,forward,3,,,,,,
Go straight under the clear sky,forward,3,,,,,,
Keep on the straight course through the forest,forward,3,,,,,,
Follow the unbroken line on the map,forward,3,,,,,,
Maintain your course straight ahead,forward,3,,,,,,
Move directly along the river,forward,3,,,,,,
Continue straight across the meadow,forward,3,,,,,,
Head straight through the wilderness,forward,3,,,,,,
Stay on the direct path to your destination,forward,3,,,,,,
Go straight along the seashore,forward,3,,,,,,
Proceed straightforwardly through the hills,forward,3,,,,,,
Move forward without detours,forward,3,,,,,,
Follow the straight track through the city,forward,3,,,,,,
Head straight past the fields,forward,3,,,,,,
Stay on the straight road through the countryside,forward,3,,,,,,
Move directly along the railway tracks,forward,3,,,,,,
Go straight to your final destination,forward,3,,,,,,
Retreat,back,4,,,,,,
Move rearward,back,4,,,,,,
Go in reverse,back,4,,,,,,
Backtrack,back,4,,,,,,
Reverse your direction,back,4,,,,,,
Withdraw,back,4,,,,,,
Step back,back,4,,,,,,
Regress,back,4,,,,,,
Move in a backward motion,back,4,,,,,,
Take a step back,back,4,,,,,,
Go backward,back,4,,,,,,
Shift to the rear,back,4,,,,,,
Reverse course,back,4,,,,,,
Retreat backward,back,4,,,,,,
Move away from the front,back,4,,,,,,
Move in the opposite direction,back,4,,,,,,
Step in reverse,back,4,,,,,,
Withdrawal,back,4,,,,,,
Move towards the rear,back,4,,,,,,
Back away,back,4,,,,,,
Go in a backward trajectory,back,4,,,,,,
Move back from your current position,back,4,,,,,,
Go rearward,back,4,,,,,,
Fall back,back,4,,,,,,
Retrace your steps,back,4,,,,,,
Move towards the back,back,4,,,,,,
Draw back,back,4,,,,,,
Recede,back,4,,,,,,
Take a backward step,back,4,,,,,,
Move back along the path,back,4,,,,,,
Step away from the forward direction,back,4,,,,,,
Reverse your movement,back,4,,,,,,
Retreat from the current position,back,4,,,,,,
Go back,back,4,,,,,,
Shift to the back,back,4,,,,,,
Move to the rear,back,4,,,,,,
Pull back,back,4,,,,,,
Move in the opposite direction from the front,back,4,,,,,,
Retreat to a previous location,back,4,,,,,,
Step in the opposite direction,back,4,,,,,,
Move in a rearward motion,back,4,,,,,,
Withdraw from the front,back,4,,,,,,
Fall behind,back,4,,,,,,
Take steps backward,back,4,,,,,,
Go in the reverse direction,back,4,,,,,,
Retreat from the current point,back,4,,,,,,
Step back from the current position,back,4,,,,,,
Move toward the rear,back,4,,,,,,
Shift away from the front,back,4,,,,,,
Go in a backward trajectory,back,4,,,,,,
Withdraw yourself,back,4,,,,,,
Take a step away from the forward direction,back,4,,,,,,
Move in the opposite path,back,4,,,,,,
Retreat along the path,back,4,,,,,,
Step back from the current location,back,4,,,,,,
Go back from the current point,back,4,,,,,,
Move in a rearward direction,back,4,,,,,,
Draw away from the front,back,4,,,,,,
Step backward on the path,back,4,,,,,,
Retreat to a preceding point,back,4,,,,,,
Move away from the forward trajectory,back,4,,,,,,
Go in the opposite way,back,4,,,,,,
Retreat to a previous spot,back,4,,,,,,
Move in the direction opposite to forward,back,4,,,,,,
Fall back from the current position,back,4,,,,,,
Withdraw to a prior location,back,4,,,,,,
Take steps in a backward motion,back,4,,,,,,
Move in the reverse trajectory,back,4,,,,,,
Step back to a previous spot,back,4,,,,,,
Go away from the front,back,4,,,,,,
Retreat from the current spot,back,4,,,,,,
Move in a rearward trajectory,back,4,,,,,,
Retreat along the route,back,4,,,,,,
Shift backward from the current location,back,4,,,,,,
Step away from the forward trajectory,back,4,,,,,,
Move in the opposite course,back,4,,,,,,
Withdraw to a preceding point,back,4,,,,,,
Go back from the current place,back,4,,,,,,
Retreat to a former location,back,4,,,,,,
Move in a backward path,back,4,,,,,,
Step back from the present position,back,4,,,,,,
Go in the reverse course,back,4,,,,,,
Move to the rear from the current point,back,4,,,,,,
Retreat from the current spot,back,4,,,,,,
Withdraw to a prior spot,back,4,,,,,,
Take steps in the opposite direction,back,4,,,,,,
Move away from the front direction,back,4,,,,,,
Retreat along the route taken,back,4,,,,,,
Step backward on the path traveled,back,4,,,,,,
Go back to a previous point,back,4,,,,,,
Move in a rearward motion,back,4,,,,,,
Retreat to a former point,back,4,,,,,,
Fall back from the present position,back,4,,,,,,
Withdraw to a preceding spot,back,4,,,,,,
Take steps in the reverse direction,back,4,,,,,,
Move in the opposite way from forward,back,4,,,,,,
Retreat along the course traveled,back,4,,,,,,
Step back to a former spot,back,4,,,,,,
Go away from the forward trajectory,back,4,,,,,,
Move in the reverse path,back,4,,,,,,
Sidestep to the left,left,5,,,,,,
Veer toward the left side,left,5,,,,,,
Glide leftward,left,5,,,,,,
Steer in a leftward direction,left,5,,,,,,
Shift your position to the left,left,5,,,,,,
Move in a leftward motion,left,5,,,,,,
Slide to the left,left,5,,,,,,
Lean to the left,left,5,,,,,,
Adjust your course to the left,left,5,,,,,,
Veer left,left,5,,,,,,
Maneuver towards the left,left,5,,,,,,
Tilt left,left,5,,,,,,
Direct yourself to the left,left,5,,,,,,
Shift horizontally to the left,left,5,,,,,,
Adjust your alignment to the left,left,5,,,,,,
Turn leftward,left,5,,,,,,
Guide your movement to the left,left,5,,,,,,
Head left,left,5,,,,,,
Navigate to the left side,left,5,,,,,,
Offset your position to the left,left,5,,,,,,
Progress towards the left,left,5,,,,,,
Veer off to the left,left,5,,,,,,
Align yourself to the left,left,5,,,,,,
Lean in a leftward direction,left,5,,,,,,
Steer left,left,5,,,,,,
Progress leftward,left,5,,,,,,
Glide towards the left side,left,5,,,,,,
Maneuver left,left,5,,,,,,
Shift laterally to the left,left,5,,,,,,
Adjust your heading to the left,left,5,,,,,,
Tilt in a leftward manner,left,5,,,,,,
Turn in the left direction,left,5,,,,,,
Direct your movement to the left,left,5,,,,,,
Move horizontally to the left,left,5,,,,,,
Slide leftward,left,5,,,,,,
Guide yourself to the left,left,5,,,,,,
Offset to the left side,left,5,,,,,,
Veer your trajectory leftward,left,5,,,,,,
Shift towards the left side,left,5,,,,,,
Lean left,left,5,,,,,,
Adjust your position to the left,left,5,,,,,,
Navigate leftward,left,5,,,,,,
Maneuver in a leftward direction,left,5,,,,,,
Head in a leftward trajectory,left,5,,,,,,
Glide to the left side,left,5,,,,,,
Progress in a leftward motion,left,5,,,,,,
Turn towards the left side,left,5,,,,,,
Steer in a leftward manner,left,5,,,,,,
Move leftward on the path,left,5,,,,,,
Tilt to the left side,left,5,,,,,,
Shift your course to the left,left,5,,,,,,
Slide laterally to the left,left,5,,,,,,
Veer left on your route,left,5,,,,,,
Guide your trajectory to the left side,left,5,,,,,,
Lean in a leftward direction,left,5,,,,,,
Adjust your heading leftward,left,5,,,,,,
Turn in the direction of the left,left,5,,,,,,
Progress in a leftward trajectory,left,5,,,,,,
Maneuver left on the path,left,5,,,,,,
Shift your alignment to the left,left,5,,,,,,
Glide to the left on your course,left,5,,,,,,
Navigate in the leftward direction,left,5,,,,,,
Move in a leftward motion on the path,left,5,,,,,,
Steer toward the left side,left,5,,,,,,
Veer your course leftward,left,5,,,,,,
Adjust your position in a leftward manner,left,5,,,,,,
Lean towards the left side,left,5,,,,,,
Slide towards the left on your route,left,5,,,,,,
Head in a leftward trajectory,left,5,,,,,,
Tilt leftward on your path,left,5,,,,,,
Move to the left side,left,5,,,,,,
Progress in the direction of the left,left,5,,,,,,
Turn left on the route,left,5,,,,,,
Steer your movement to the left,left,5,,,,,,
Glide leftward on the path,left,5,,,,,,
Shift your trajectory to the left side,left,5,,,,,,
Navigate towards the left,left,5,,,,,,
Maneuver in a leftward direction on your course,left,5,,,,,,
Move left on your route,left,5,,,,,,
Veer towards the left side,left,5,,,,,,
Adjust your heading in a leftward manner,left,5,,,,,,
Lean left on the path,left,5,,,,,,
Turn in the leftward direction,left,5,,,,,,
Guide your movement leftward,left,5,,,,,,
Slide left on the route,left,5,,,,,,
Head towards the left side,left,5,,,,,,
Tilt your position to the left,left,5,,,,,,
Progress in a leftward trajectory on the path,left,5,,,,,,
Steer in the direction of the left side,left,5,,,,,,
Shift leftward on your course,left,5,,,,,,
Move in a leftward motion on the route,left,5,,,,,,
Veer towards the left side of the path,left,5,,,,,,
Glide to the left on the route,left,5,,,,,,
Navigate in the direction of the left,left,5,,,,,,
Maneuver leftward on the course,left,5,,,,,,
Turn towards the left side,left,5,,,,,,
Adjust your movement leftward,left,5,,,,,,
Lean left on the route,left,5,,,,,,
Slide to the left side,left,5,,,,,,
Head in a leftward direction on the path,left,5,,,,,,
Slide to the right,right,6,,,,,,
Veer toward the right side,right,6,,,,,,
Glide rightward,right,6,,,,,,
Steer in a rightward direction,right,6,,,,,,
Shift your position to the right,right,6,,,,,,
Move in a rightward motion,right,6,,,,,,
Slide to the right side,right,6,,,,,,
Lean to the right,right,6,,,,,,
Adjust your course to the right,right,6,,,,,,
Veer right,right,6,,,,,,
Maneuver towards the right,right,6,,,,,,
Tilt right,right,6,,,,,,
Direct yourself to the right,right,6,,,,,,
Shift horizontally to the right,right,6,,,,,,
Adjust your alignment to the right,right,6,,,,,,
Turn rightward,right,6,,,,,,
Guide your movement to the right,right,6,,,,,,
Head right,right,6,,,,,,
Navigate to the right side,right,6,,,,,,
Offset your position to the right,right,6,,,,,,
Progress towards the right,right,6,,,,,,
Veer off to the right,right,6,,,,,,
Align yourself to the right,right,6,,,,,,
Lean in a rightward direction,right,6,,,,,,
Steer right,right,6,,,,,,
Progress rightward,right,6,,,,,,
Glide towards the right side,right,6,,,,,,
Maneuver right,right,6,,,,,,
Shift laterally to the right,right,6,,,,,,
Adjust your heading to the right,right,6,,,,,,
Tilt in a rightward manner,right,6,,,,,,
Turn in the right direction,right,6,,,,,,
Direct your movement to the right,right,6,,,,,,
Move horizontally to the right,right,6,,,,,,
Slide rightward,right,6,,,,,,
Guide yourself to the right,right,6,,,,,,
Offset to the right side,right,6,,,,,,
Veer your trajectory rightward,right,6,,,,,,
Shift towards the right side,right,6,,,,,,
Lean right,right,6,,,,,,
Adjust your position to the right,right,6,,,,,,
Navigate rightward,right,6,,,,,,
Maneuver in a rightward direction,right,6,,,,,,
Head in a rightward trajectory,right,6,,,,,,
Glide to the right side,right,6,,,,,,
Progress in a rightward motion,right,6,,,,,,
Turn towards the right side,right,6,,,,,,
Steer in a rightward manner,right,6,,,,,,
Move rightward on the path,right,6,,,,,,
Tilt to the right side,right,6,,,,,,
Shift your course to the right,right,6,,,,,,
Slide laterally to the right,right,6,,,,,,
Veer right on your route,right,6,,,,,,
Guide your trajectory to the right side,right,6,,,,,,
Lean in a rightward direction,right,6,,,,,,
Adjust your heading rightward,right,6,,,,,,
Turn in the right direction,right,6,,,,,,
Progress in a rightward trajectory,right,6,,,,,,
Maneuver right on the path,right,6,,,,,,
Shift your alignment to the right,right,6,,,,,,
Glide to the right on your course,right,6,,,,,,
Navigate in the rightward direction,right,6,,,,,,
Move in a rightward motion on the path,right,6,,,,,,
Steer toward the right side,right,6,,,,,,
Veer your course rightward,right,6,,,,,,
Adjust your position in a rightward manner,right,6,,,,,,
Lean towards the right side,right,6,,,,,,
Slide towards the right on your route,right,6,,,,,,
Head in a rightward trajectory,right,6,,,,,,
Tilt rightward on your path,right,6,,,,,,
Move to the right side,right,6,,,,,,
Progress in the direction of the right,right,6,,,,,,
Turn right on the route,right,6,,,,,,
Steer your movement to the right,right,6,,,,,,
Glide rightward on the path,right,6,,,,,,
Shift your trajectory to the right side,right,6,,,,,,
Navigate towards the right,right,6,,,,,,
Maneuver in a rightward direction on your course,right,6,,,,,,
Move right on your route,right,6,,,,,,
Veer towards the right side,right,6,,,,,,
Adjust your heading in a rightward manner,right,6,,,,,,
Lean right on the path,right,6,,,,,,
Turn in the rightward direction,right,6,,,,,,
Guide your movement to the right,right,6,,,,,,
Slide right on the route,right,6,,,,,,
Head towards the right side,right,6,,,,,,
Tilt your position to the right,right,6,,,,,,
Progress in a rightward trajectory on the path,right,6,,,,,,
Steer in the direction of the right side,right,6,,,,,,
Shift rightward on your course,right,6,,,,,,
Move in a rightward motion on the route,right,6,,,,,,
Veer towards the right side of the path,right,6,,,,,,
Glide to the right on the route,right,6,,,,,,
Navigate in the direction of the right,right,6,,,,,,
Maneuver rightward on the course,right,6,,,,,,
Turn towards the right side,right,6,,,,,,
Adjust your movement rightward,right,6,,,,,,
Lean right on the route,right,6,,,,,,
Slide to the right side,right,6,,,,,,
Head in a rightward direction on the path,right,6,,,,,,
Don't go straight down the road,don’t_forward,15,,,,,,
Avoid proceeding in a straight line,don’t_forward,15,,,,,,
Refrain from moving forward without turning,don’t_forward,15,,,,,,
Don't continue straight ahead on this path,don’t_forward,15,,,,,,
Avoid heading directly down the street,don’t_forward,15,,,,,,
Stray from the straight and narrow,don’t_forward,15,,,,,,
Don't travel straight without any deviations,don’t_forward,15,,,,,,
Ignore following the route in a straight line,don’t_forward,15,,,,,,
Veer away from maintaining your course straight ahead,don’t_forward,15,,,,,,
Don't move as far as you can see,don’t_forward,15,,,,,,
Avoid proceeding straight along the way,don’t_forward,15,,,,,,
Don't move on the direct path,don’t_forward,15,,,,,,
Avoid keeping on the direct path,don’t_forward,15,,,,,,
Refrain from continuing forward without making any turns,don’t_forward,15,,,,,,
Don't head straight toward your destination,don’t_forward,15,,,,,,
Stray from staying on the unswerving route,don’t_forward,15,,,,,,
Avoid moving straight along the trail,don’t_forward,15,,,,,,
Don't follow the road without turning left or right,don’t_forward,15,,,,,,
Veer off from going ahead without deviating off course,don’t_forward,15,,,,,,
Refrain from moving on the straight and clear route,don’t_forward,15,,,,,,
Don't continue in a straight trajectory,don’t_forward,15,,,,,,
Avoid heading straight down the avenue,don’t_forward,15,,,,,,
Stray from staying true to the straight path,don’t_forward,15,,,,,,
Avoid moving directly towards your goal,don’t_forward,15,,,,,,
Refrain from moving on the straight route,don’t_forward,15,,,,,,
Don't proceed straightforwardly,don’t_forward,15,,,,,,
Avoid going straight on this thoroughfare,don’t_forward,15,,,,,,
Refrain from continuing along the straight road,don’t_forward,15,,,,,,
Don't head straight down the boulevard,don’t_forward,15,,,,,,
Ignore following the straight line on the map,don’t_forward,15,,,,,,
Refrain from moving in a straight line without deviation,don’t_forward,15,,,,,,
Stay off the direct course,don’t_forward,15,,,,,,
Don't go straight down the corridor,don’t_forward,15,,,,,,
Avoid proceeding straight through the intersection,don’t_forward,15,,,,,,
Refrain from moving straight ahead without hesitation,don’t_forward,15,,,,,,
Don't keep to the straight and clear road,don’t_forward,15,,,,,,
Stray from following the unbroken line ahead,don’t_forward,15,,,,,,
Avoid maintaining your course without deviations,don’t_forward,15,,,,,,
Don't move straight with confidence,don’t_forward,15,,,,,,
Refrain from continuing in a straight line without interruptions,don’t_forward,15,,,,,,
Avoid heading straight through the city,don’t_forward,15,,,,,,
Stay off the straightforward route,don’t_forward,15,,,,,,
Don't move directly towards the goal,don’t_forward,15,,,,,,
Avoid going straight past the landmarks,don’t_forward,15,,,,,,
Refrain from proceeding straight through the urban landscape,don’t_forward,15,,,,,,
Don't move forward without turning aside,don’t_forward,15,,,,,,
Stray from following the straight trail ahead,don’t_forward,15,,,,,,
Avoid heading straight across the bridge,don’t_forward,15,,,,,,
Refrain from staying on the clear path without turning,don’t_forward,15,,,,,,
Don't move in a straight line through the park,don’t_forward,15,,,,,,
Avoid continuing in a straight trajectory,don’t_forward,15,,,,,,
Refrain from going straight past the crossroads,don’t_forward,15,,,,,,
Stray from maintaining a direct course,don’t_forward,15,,,,,,
Avoid heading straight through the neighborhood,don’t_forward,15,,,,,,
Don't stay true to the straight road,don’t_forward,15,,,,,,
Refrain from moving directly along the established route,don’t_forward,15,,,,,,
Avoid following the unswerving path,don’t_forward,15,,,,,,
Don't go ahead without veering off the straight line,don’t_forward,15,,,,,,
Stray from keeping on the undeviating course,don’t_forward,15,,,,,,
Refrain from proceeding straight along the riverbank,don’t_forward,15,,,,,,
Don't move directly through the woods,don’t_forward,15,,,,,,
Avoid continuing straight without distractions,don’t_forward,15,,,,,,
Refrain from heading straight past the landmarks,don’t_forward,15,,,,,,
Don't stay on the direct route without deviation,don’t_forward,15,,,,,,
Avoid moving straightforwardly through the countryside,don’t_forward,15,,,,,,
Don't go straight towards the mountain,don’t_forward,15,,,,,,
Stray from keeping on the straight and narrow path,don’t_forward,15,,,,,,
Avoid following the straight line on the horizon,don’t_forward,15,,,,,,
Refrain from heading directly to the coastline,don’t_forward,15,,,,,,
Don't stay on the straight highway,don’t_forward,15,,,,,,
Avoid moving in a straight line through the desert,don’t_forward,15,,,,,,
Refrain from continuing straight across the plains,don’t_forward,15,,,,,,
Don't go ahead without turning in any direction,don’t_forward,15,,,,,,
Stray from keeping to the unswerving trail,don’t_forward,15,,,,,,
Avoid proceeding straight along the beach,don’t_forward,15,,,,,,
Don't head straight through the canyon,don’t_forward,15,,,,,,
Refrain from staying true to the straight street,don’t_forward,15,,,,,,
Avoid moving directly through the valley,don’t_forward,15,,,,,,
Don't go straight under the clear sky,don’t_forward,15,,,,,,
Stray from keeping on the straight course through the forest,don’t_forward,15,,,,,,
Refrain from following the unbroken line on the map,don’t_forward,15,,,,,,
Avoid maintaining your course straight ahead,don’t_forward,15,,,,,,
Don't move directly along the river,don’t_forward,15,,,,,,
Stray from continuing straight across the meadow,don’t_forward,15,,,,,,
Avoid heading straight through the wilderness,don’t_forward,15,,,,,,
Refrain from staying on the direct path to your destination,don’t_forward,15,,,,,,
Don't go straight along the seashore,don’t_forward,15,,,,,,
Stray from proceeding straightforwardly through the hills,don’t_forward,15,,,,,,
Avoid moving forward without detours,don’t_forward,15,,,,,,
Refrain from following the straight track through the city,don’t_forward,15,,,,,,
Don't head straight past the fields,don’t_forward,15,,,,,,
Avoid staying on the straight road through the countryside,don’t_forward,15,,,,,,
Stray from moving directly along the railway tracks,don’t_forward,15,,,,,,
Refrain from going straight to your final destination,don’t_forward,15,,,,,,
Avoid retreating,don’t_back,16,,,,,,
Refrain from moving rearward,don’t_back,16,,,,,,
Don't go in reverse,don’t_back,16,,,,,,
Resist backtracking,don’t_back,16,,,,,,
Avoid reversing your direction,don’t_back,16,,,,,,
Stay where you are,don’t_back,16,,,,,,
Don't step back,don’t_back,16,,,,,,
Avoid regressing,don’t_back,16,,,,,,
Refrain from moving in a backward motion,don’t_back,16,,,,,,
Resist taking a step back,don’t_back,16,,,,,,
Avoid going backward,don’t_back,16,,,,,,
Stay in your current position,don’t_back,16,,,,,,
Don't reverse course,don’t_back,16,,,,,,
Refrain from retreating backward,don’t_back,16,,,,,,
Avoid moving away from the front,don’t_back,16,,,,,,
Don't move in the opposite direction,don’t_back,16,,,,,,
Resist stepping in reverse,don’t_back,16,,,,,,
Refrain from withdrawal,don’t_back,16,,,,,,
Avoid moving towards the rear,don’t_back,16,,,,,,
Don't back away,don’t_back,16,,,,,,
Resist going in a backward trajectory,don’t_back,16,,,,,,
Avoid moving back from your current position,don’t_back,16,,,,,,
Don't go rearward,don’t_back,16,,,,,,
Stay where you are or move forward,don’t_back,16,,,,,,
Resist falling back,don’t_back,16,,,,,,
Avoid retracing your steps,don’t_back,16,,,,,,
Don't move towards the back,don’t_back,16,,,,,,
Refrain from drawing back,don’t_back,16,,,,,,
Stay in your current position or move forward,don’t_back,16,,,,,,
Don't move back along the path,don’t_back,16,,,,,,
Avoid stepping away from the forward direction,don’t_back,16,,,,,,
Resist reversing your movement,don’t_back,16,,,,,,
Refrain from retreating from the current position,don’t_back,16,,,,,,
Don't go back,don’t_back,16,,,,,,
Stay in your current position or shift forward,don’t_back,16,,,,,,
Avoid moving to the back,don’t_back,16,,,,,,
Don't pull back,don’t_back,16,,,,,,
Refrain from moving in the opposite direction from the front,don’t_back,16,,,,,,
Avoid retreating to a previous location,don’t_back,16,,,,,,
Don't step in the opposite direction,don’t_back,16,,,,,,
Resist moving in a rearward motion,don’t_back,16,,,,,,
Avoid withdrawing from the front,don’t_back,16,,,,,,
Stay where you are or fall behind,don’t_back,16,,,,,,
Don't take steps backward,don’t_back,16,,,,,,
Resist going in the reverse direction,don’t_back,16,,,,,,
Refrain from retreating from the current point,don’t_back,16,,,,,,
Don't step back from the current position,don’t_back,16,,,,,,
Avoid moving toward the rear,don’t_back,16,,,,,,
Stay in your current position or shift away from the front,don’t_back,16,,,,,,
Don't go in a backward trajectory,don’t_back,16,,,,,,
Resist withdrawing yourself,don’t_back,16,,,,,,
Avoid taking a step away from the forward direction,don’t_back,16,,,,,,
Refrain from moving in the opposite path,don’t_back,16,,,,,,
Avoid retreating along the path,don’t_back,16,,,,,,
Don't step back from the current location,don’t_back,16,,,,,,
Resist going back from the current point,don’t_back,16,,,,,,
Refrain from moving in a rearward direction,don’t_back,16,,,,,,
Avoid drawing away from the front,don’t_back,16,,,,,,
Stay where you are or step backward on the path,don’t_back,16,,,,,,
Avoid retreating to a preceding point,don’t_back,16,,,,,,
Don't move away from the forward trajectory,don’t_back,16,,,,,,
Resist going in the opposite way,don’t_back,16,,,,,,
Avoid retreating to a previous spot,don’t_back,16,,,,,,
Don't move in the direction opposite to forward,don’t_back,16,,,,,,
Stay in your current position or fall back from the current position,don’t_back,16,,,,,,
Refrain from withdrawing to a prior location,don’t_back,16,,,,,,
Avoid taking steps in a backward motion,don’t_back,16,,,,,,
Don't move in the reverse trajectory,don’t_back,16,,,,,,
Resist stepping back to a previous spot,don’t_back,16,,,,,,
Avoid going away from the front,don’t_back,16,,,,,,
Stay in your current position or retreat from the current spot,don’t_back,16,,,,,,
Don't move in a rearward trajectory,don’t_back,16,,,,,,
Resist retreating along the route,don’t_back,16,,,,,,
Avoid shifting backward from the current location,don’t_back,16,,,,,,
Don't step away from the forward trajectory,don’t_back,16,,,,,,
Avoid moving in the opposite course,don’t_back,16,,,,,,
Stay in your current position or withdraw to a preceding point,don’t_back,16,,,,,,
Don't go back from the current place,don’t_back,16,,,,,,
Resist retreating to a former location,don’t_back,16,,,,,,
Avoid moving in a backward path,don’t_back,16,,,,,,
Stay in your present position or step back from the present position,don’t_back,16,,,,,,
Don't go in the reverse course,don’t_back,16,,,,,,
Avoid moving to the rear from the current point,don’t_back,16,,,,,,
Stay in your current position or retreat from the current spot,don’t_back,16,,,,,,
Refrain from withdrawing to a prior spot,don’t_back,16,,,,,,
Don't take steps in the reverse direction,don’t_back,16,,,,,,
Resist moving away from the front direction,don’t_back,16,,,,,,
Avoid retreating along the route taken,don’t_back,16,,,,,,
Stay where you are or step backward on the path traveled,don’t_back,16,,,,,,
Avoid going back to a previous point,don’t_back,16,,,,,,
Don't move in a rearward motion,don’t_back,16,,,,,,
Stay in your current position or retreat to a former point,don’t_back,16,,,,,,
Resist falling back from the present position,don’t_back,16,,,,,,
Avoid withdrawing to a preceding spot,don’t_back,16,,,,,,
Don't take steps in the reverse direction,don’t_back,16,,,,,,
Refrain from moving in the opposite way from forward,don’t_back,16,,,,,,
Avoid retreating along the course traveled,don’t_back,16,,,,,,
Stay in your current position or step back to a former spot,don’t_back,16,,,,,,
Don't go away from the forward trajectory,don’t_back,16,,,,,,
Avoid moving in the reverse path,don’t_back,16,,,,,,
Avoid shifting to the left,don’t_left,17,,,,,,
Refrain from veering toward the left side,don’t_left,17,,,,,,
Don't glide leftward,don’t_left,17,,,,,,
Steer away from a leftward direction,don’t_left,17,,,,,,
Resist moving your position to the left,don’t_left,17,,,,,,
Stay clear of a leftward motion,don’t_left,17,,,,,,
Avoid sliding to the left,don’t_left,17,,,,,,
Don't lean to the left,don’t_left,17,,,,,,
Resist adjusting your course to the left,don’t_left,17,,,,,,
Avoid veering left,don’t_left,17,,,,,,
Refrain from maneuvering towards the left,don’t_left,17,,,,,,
Don't tilt left,don’t_left,17,,,,,,
Avoid directing yourself to the left,don’t_left,17,,,,,,
Resist shifting horizontally to the left,don’t_left,17,,,,,,
Abstain from adjusting your alignment to the left,don’t_left,17,,,,,,
Avoid turning leftward,don’t_left,17,,,,,,
Refrain from guiding your movement to the left,don’t_left,17,,,,,,
Do not head left,don’t_left,17,,,,,,
Stay away from navigating to the left side,don’t_left,17,,,,,,
Avoid offsetting your position to the left,don’t_left,17,,,,,,
Refrain from progressing towards the left,don’t_left,17,,,,,,
Don't veer off to the left,don’t_left,17,,,,,,
Avoid aligning yourself to the left,don’t_left,17,,,,,,
Don't lean in a leftward direction,don’t_left,17,,,,,,
Resist steering left,don’t_left,17,,,,,,
Avoid progressing leftward,don’t_left,17,,,,,,
Glide away from the left side,don’t_left,17,,,,,,
Don't maneuver left,don’t_left,17,,,,,,
Avoid shifting laterally to the left,don’t_left,17,,,,,,
Refrain from adjusting your heading to the left,don’t_left,17,,,,,,
Don't tilt in a leftward manner,don’t_left,17,,,,,,
Avoid turning in the left direction,don’t_left,17,,,,,,
Refrain from directing your movement to the left,don’t_left,17,,,,,,
Avoid moving horizontally to the left,don’t_left,17,,,,,,
Slide away from the leftward direction,don’t_left,17,,,,,,
Don't guide yourself to the left,don’t_left,17,,,,,,
Resist offsetting to the left side,don’t_left,17,,,,,,
Don't veer your trajectory leftward,don’t_left,17,,,,,,
Avoid shifting towards the left side,don’t_left,17,,,,,,
Refrain from leaning left,don’t_left,17,,,,,,
Resist adjusting your position to the left,don’t_left,17,,,,,,
Stay away from navigating leftward,don’t_left,17,,,,,,
Don't maneuver in a leftward direction,don’t_left,17,,,,,,
Avoid heading in a leftward trajectory,don’t_left,17,,,,,,
Glide away from progressing in a leftward motion,don’t_left,17,,,,,,
Resist turning towards the left side,don’t_left,17,,,,,,
Don't steer in a leftward manner,don’t_left,17,,,,,,
Avoid moving leftward on the path,don’t_left,17,,,,,,
Refrain from tilting to the left side,don’t_left,17,,,,,,
Avoid shifting your course to the left,don’t_left,17,,,,,,
Slide away from the left side laterally,don’t_left,17,,,,,,
Don't veer your trajectory leftward,don’t_left,17,,,,,,
Avoid guiding your movement to the left side,don’t_left,17,,,,,,
Resist leaning in a leftward direction,don’t_left,17,,,,,,
Abstain from adjusting your heading leftward,don’t_left,17,,,,,,
Don't turn in the direction of the left,don’t_left,17,,,,,,
Avoid progressing in a leftward trajectory,don’t_left,17,,,,,,
Maneuver away from moving left on the path,don’t_left,17,,,,,,
Refrain from shifting your alignment to the left,don’t_left,17,,,,,,
Glide away from navigating towards the left,don’t_left,17,,,,,,
Avoid moving in a leftward motion on the path,don’t_left,17,,,,,,
Don't steer toward the left side,don’t_left,17,,,,,,
Resist veering your course leftward,don’t_left,17,,,,,,
Avoid adjusting your position in a leftward manner,don’t_left,17,,,,,,
Don't lean towards the left side,don’t_left,17,,,,,,
Slide away from heading left on the route,don’t_left,17,,,,,,
Avoid progressing in the direction of the left,don’t_left,17,,,,,,
Refrain from turning left on the route,don’t_left,17,,,,,,
Avoid steering your movement to the left,don’t_left,17,,,,,,
Glide away from moving leftward on the path,don’t_left,17,,,,,,
Resist shifting your trajectory to the left side,don’t_left,17,,,,,,
Stay clear of navigating towards the left,don’t_left,17,,,,,,
Don't maneuver in a leftward direction on your course,don’t_left,17,,,,,,
Avoid moving left on your route,don’t_left,17,,,,,,
Refrain from veering towards the left side,don’t_left,17,,,,,,
Avoid adjusting your heading in a leftward manner,don’t_left,17,,,,,,
Don't lean left on the path,don’t_left,17,,,,,,
Resist turning in the leftward direction,don’t_left,17,,,,,,
Avoid guiding your movement leftward,don’t_left,17,,,,,,
Slide away from moving left on your route,don’t_left,17,,,,,,
Stay clear of heading towards the left side,don’t_left,17,,,,,,
Refrain from tilting your position to the left,don’t_left,17,,,,,,
Avoid progressing in a leftward trajectory on the path,don’t_left,17,,,,,,
Don't steer towards the left side,don’t_left,17,,,,,,
Glide away from shifting on the straight route,don’t_left,17,,,,,,
Maneuver away from progressing towards the left,don’t_left,17,,,,,,
Avoid moving in a leftward motion on the route,don’t_left,17,,,,,,
Don't veer towards the left side of the path,don’t_left,17,,,,,,
Refrain from gliding to the left on the route,don’t_left,17,,,,,,
Avoid navigating in the direction of the left,don’t_left,17,,,,,,
Maneuver away from moving leftward on the course,don’t_left,17,,,,,,
Resist turning towards the left side,don’t_left,17,,,,,,
Don't adjust your movement leftward,don’t_left,17,,,,,,
Slide away from leaning left on the route,don’t_left,17,,,,,,
Avoid heading towards the left side,don’t_left,17,,,,,,
Refrain from tilting towards the leftward direction,don’t_left,17,,,,,,
Avoid progressing in a leftward trajectory on the path,don’t_left,17,,,,,,
Don't steer towards the left side of the route,don’t_left,17,,,,,,
Resist shifting laterally towards the left,don’t_left,17,,,,,,
Stay clear of veering your course leftward,don’t_left,17,,,,,,
Avoid shifting to the right,don’t_right,18,,,,,,
Refrain from veering toward the right side,don’t_right,18,,,,,,
Don't glide rightward,don’t_right,18,,,,,,
Steer away from a rightward direction,don’t_right,18,,,,,,
Resist moving your position to the right,don’t_right,18,,,,,,
Stay clear of a rightward motion,don’t_right,18,,,,,,
Avoid sliding to the right side,don’t_right,18,,,,,,
Don't lean to the right,don’t_right,18,,,,,,
Resist adjusting your course to the right,don’t_right,18,,,,,,
Avoid veering right,don’t_right,18,,,,,,
Refrain from maneuvering towards the right,don’t_right,18,,,,,,
Don't tilt right,don’t_right,18,,,,,,
Avoid directing yourself to the right,don’t_right,18,,,,,,
Resist shifting horizontally to the right,don’t_right,18,,,,,,
Abstain from adjusting your alignment to the right,don’t_right,18,,,,,,
Avoid turning rightward,don’t_right,18,,,,,,
Refrain from guiding your movement to the right,don’t_right,18,,,,,,
Do not head right,don’t_right,18,,,,,,
Stay away from navigating to the right side,don’t_right,18,,,,,,
Avoid offsetting your position to the right,don’t_right,18,,,,,,
Refrain from progressing towards the right,don’t_right,18,,,,,,
Don't veer off to the right,don’t_right,18,,,,,,
Avoid aligning yourself to the right,don’t_right,18,,,,,,
Don't lean in a rightward direction,don’t_right,18,,,,,,
Resist steering right,don’t_right,18,,,,,,
Avoid progressing rightward,don’t_right,18,,,,,,
Glide away from the right side,don’t_right,18,,,,,,
Don't maneuver right,don’t_right,18,,,,,,
Avoid shifting laterally to the right,don’t_right,18,,,,,,
Refrain from adjusting your heading to the right,don’t_right,18,,,,,,
Don't tilt in a rightward manner,don’t_right,18,,,,,,
Avoid turning in the right direction,don’t_right,18,,,,,,
Refrain from directing your movement to the right,don’t_right,18,,,,,,
Avoid moving horizontally to the right,don’t_right,18,,,,,,
Slide away from the rightward direction,don’t_right,18,,,,,,
Don't guide yourself to the right,don’t_right,18,,,,,,
Resist offsetting to the right side,don’t_right,18,,,,,,
Don't veer your trajectory rightward,don’t_right,18,,,,,,
Avoid shifting towards the right side,don’t_right,18,,,,,,
Refrain from leaning right,don’t_right,18,,,,,,
Resist adjusting your position to the right,don’t_right,18,,,,,,
Stay away from navigating rightward,don’t_right,18,,,,,,
Don't maneuver in a rightward direction,don’t_right,18,,,,,,
Avoid heading in a rightward trajectory,don’t_right,18,,,,,,
Glide away from progressing in a rightward motion,don’t_right,18,,,,,,
Resist turning towards the right side,don’t_right,18,,,,,,
Don't steer in a rightward manner,don’t_right,18,,,,,,
Avoid moving rightward on the path,don’t_right,18,,,,,,
Refrain from tilting to the right side,don’t_right,18,,,,,,
Avoid shifting your course to the right,don’t_right,18,,,,,,
Slide away from the right side laterally,don’t_right,18,,,,,,
Don't veer your trajectory rightward,don’t_right,18,,,,,,
Avoid guiding your movement to the right side,don’t_right,18,,,,,,
Resist leaning in a rightward direction,don’t_right,18,,,,,,
Abstain from adjusting your heading rightward,don’t_right,18,,,,,,
Don't turn in the direction of the right,don’t_right,18,,,,,,
Avoid progressing in a rightward trajectory,don’t_right,18,,,,,,
Maneuver away from moving right on the path,don’t_right,18,,,,,,
Refrain from shifting your alignment to the right,don’t_right,18,,,,,,
Glide away from navigating towards the right,don’t_right,18,,,,,,
Avoid moving in a rightward motion on the path,don’t_right,18,,,,,,
Don't steer toward the right side,don’t_right,18,,,,,,
Resist veering your course rightward,don’t_right,18,,,,,,
Avoid adjusting your position in a rightward manner,don’t_right,18,,,,,,
Don't lean towards the right side,don’t_right,18,,,,,,
Slide away from heading right on the route,don’t_right,18,,,,,,
Avoid progressing in the direction of the right,don’t_right,18,,,,,,
Refrain from turning right on the route,don’t_right,18,,,,,,
Avoid steering your movement to the right,don’t_right,18,,,,,,
Glide away from moving rightward on the path,don’t_right,18,,,,,,
Resist shifting your trajectory to the right side,don’t_right,18,,,,,,
Stay clear of navigating towards the right,don’t_right,18,,,,,,
Don't maneuver in a rightward direction on your course,don’t_right,18,,,,,,
Avoid moving right on your route,don’t_right,18,,,,,,
Refrain from veering towards the right side,don’t_right,18,,,,,,
Avoid adjusting your heading in a rightward manner,don’t_right,18,,,,,,
Don't lean right on the path,don’t_right,18,,,,,,
Resist turning in the rightward direction,don’t_right,18,,,,,,
Avoid guiding your movement rightward,don’t_right,18,,,,,,
Slide away from moving right on your route,don’t_right,18,,,,,,
Stay clear of heading towards the right side,don’t_right,18,,,,,,
Refrain from tilting your position to the right,don’t_right,18,,,,,,
Avoid progressing in a rightward trajectory on the path,don’t_right,18,,,,,,
Don't steer towards the right side,don’t_right,18,,,,,,
Glide away from shifting on the straight route,don’t_right,18,,,,,,
Maneuver away from progressing towards the right,don’t_right,18,,,,,,
Avoid moving in a rightward motion on the route,don’t_right,18,,,,,,
Don't veer towards the right side of the path,don’t_right,18,,,,,,
Refrain from gliding to the right on the route,don’t_right,18,,,,,,
Avoid navigating in the direction of the right,don’t_right,18,,,,,,
Maneuver away from moving rightward on the course,don’t_right,18,,,,,,
Resist turning towards the right side,don’t_right,18,,,,,,
Don't adjust your movement rightward,don’t_right,18,,,,,,
Slide away from leaning right on the route,don’t_right,18,,,,,,
Avoid heading towards the right side,don’t_right,18,,,,,,
Refrain from tilting towards the rightward direction,don’t_right,18,,,,,,
Avoid progressing in a rightward trajectory on the path,don’t_right,18,,,,,,
Don't steer towards the right side of the route,don’t_right,18,,,,,,
Resist shifting laterally towards the right,don’t_right,18,,,,,,
Stay clear of veering your course rightward,don’t_right,18,,,,,,
go farward,on,1,,,,,,
move back,off,2,,,,,,
turn to the left,left,5,,,,,,
head right,right,6,,,,,,
accelerate,speed_up,8,,,,,,
decelerate,slow_down,9,,,,,,
activate lights,turn_on_lights,12,,,,,,
deactivate lights,turn_off_lights,13,,,,,,
activate,on,1,,,,,,
deactivate,off,2,,,,,,
on the wheel chair,on,1,,,,,,
on,on,1,,,,,,
start,on,1,,,,,,
strat the wheel chair,on,1,,,,,,
start the chair,on,1,,,,,,
just start,on,1,,,,,,
activate,on,1,,,,,,
power up,on,1,,,,,,
wake up,on,1,,,,,,
enable,on,1,,,,,,
Start moving the wheelchair forward,forward,3,,,,,,
Start moving,forward,3,,,,,,
Move the wheelchair forward,forward,3,,,,,,
Roll the wheelchair forward,forward,3,,,,,,
Drive the wheelchair forward,forward,3,,,,,,
Initiate the wheelchair,forward,3,,,,,,
Engage the wheelchair,forward,3,,,,,,
Enable the wheelchair,forward,3,,,,,,
Initiate wheelchair movement,forward,3,,,,,,
activate the motors,on,1,,,,,,
Confirm to start,on,1,,,,,,
power on,on,1,,,,,,
Bring to a start,on,1,,,,,,
go farward,on,1,,,,,,
move front,on,1,,,,,,
start move forward,on,1,,,,,,
start move backward,on,1,,,,,,
machine off,forward,3,,,,,,
go inside,forward,3,,,,,,
establisment system,forward,3,,,,,,
Bring to a halt,back,4,,,,,,
Discontinue,off,2,,,,,,
De-energize,on,1,,,,,,
Finish,on,1,,,,,,
Hold,on,1,,,,,,
Stand still,off,2,,,,,,
Power off now,off,2,,,,,,
Disable navigation,off,2,,,,,,
Bring to a stop,off,2,,,,,,
Disengage,off,2,,,,,,
Zero Motion,off,2,,,,,,
Neutral,off,2,,,,,,
Suspend,off,2,,,,,,
Rest,off,2,,,,,,
Turn Inactive,off,2,,,,,,
Park,off,2,,,,,,
Complete stop,off,2,,,,,,
Switch off the wheelchair,off,2,,,,,,
Switch Off,off,2,,,,,,
Power Down,off,2,,,,,,
Pause & Resume,off,2,,,,,,
Emergency stop,off,2,,,,,,
Stop,off,2,,,,,,
Turn off,off,2,,,,,,
stop the wheelchair,off,2,,,,,,
Shutdown,off,2,,,,,,
off,off,2,,,,,,
power-saving mode,off,2,,,,,,
Confirm shutdown,off,2,,,,,,
Stop at the Place,off,2,,,,,,
Sleep,off,2,,,,,,
Lock Position,off,2,,,,,,
Disable the drive,off,2,,,,,,
Deactivate the motors,off,2,,,,,,
Move forward,off,2,,,,,,
Accelerate,off,2,,,,,,
Turn to the right,off,2,,,,,,
Decelerate,off,2,,,,,,
Activate lights,turn_off_lights,13,,,,,,
Turn left,right,6,,,,,,
Stop,speed_up,8,,,,,,
Turn on lights,turn_off_lights,13,,,,,,
Go backward,left,5,,,,,,
Power up,on,1,,,,,,
Turn off lights,u-turn,14,,,,,,
Start the car,on,1,,,,,,
Turn right,stop,7,,,,,,
Slow down,slight_left,10,,,,,,
Activate,on,1,,,,,,
Deactivate,forward,3,,,,,,
On the wheel chair,on,1,,,,,,
On,on,1,,,,,,
Start,on,1,,,,,,
Strat the wheel chair,on,1,,,,,,
Start the chair,on,1,,,,,,
Just start,on,1,,,,,,
Enable,on,1,,,,,,
Power on,on,1,,,,,,
Bring to a start,on,1,,,,,,
Go farward,back,4,,,,,,
Move front,back,4,,,,,,
Start move forward,back,4,,,,,,
Start move backward,left,5,,,,,,
Discontinue,forward,3,,,,,,
De-energize,forward,3,,,,,,
Finish,forward,3,,,,,,
Hold,forward,3,,,,,,
Stand still,forward,3,,,,,,
Power off now,forward,3,,,,,,
Disable navigation,forward,3,,,,,,
Bring to a stop,forward,3,,,,,,
Disengage,forward,3,,,,,,
Neutral,forward,3,,,,,,
Suspend,forward,3,,,,,,
Rest,forward,3,,,,,,
Turn Inactive,forward,3,,,,,,
Park,forward,3,,,,,,
Complete stop,forward,3,,,,,,
Switch off the wheelchair,forward,3,,,,,,
Switch Off,forward,3,,,,,,
Power Down,forward,3,,,,,,
Pause & Resume,forward,3,,,,,,
Emergency stop,forward,3,,,,,,
Stop,forward,3,,,,,,
Turn off,forward,3,,,,,,
Stop the wheelchair,forward,3,,,,,,
Shutdown,forward,3,,,,,,
Off,forward,3,,,,,,
Power-saving mode,forward,3,,,,,,
Confirm shutdown,forward,3,,,,,,
Stop at the place,forward,3,,,,,,
Sleep,forward,3,,,,,,
Lock Position,forward,3,,,,,,
Disable the drive,forward,3,,,,,,
Deactivate the motors,forward,3,,,,,,
Proceed forward,back,4,,,,,,
Move ahead,back,4,,,,,,
Drive onward,back,4,,,,,,
Continue straight,back,4,,,,,,
Keep going forward,back,4,,,,,,
Move in reverse,left,5,,,,,,
Drive back,left,5,,,,,,
Take a left,right,6,,,,,,
Bear left,right,6,,,,,,
Turn to the left side,right,6,,,,,,
Make a left turn,right,6,,,,,,
Take a right,stop,7,,,,,,
Bear right,stop,7,,,,,,
Turn to the right side,stop,7,,,,,,
Make a right turn,stop,7,,,,,,
Brake,speed_up,8,,,,,,
Pull over,speed_up,8,,,,,,
Go faster,slow_down,9,,,,,,
Increase speed,slow_down,9,,,,,,
Reduce speed,slight_left,10,,,,,,
Decelerate,slight_left,10,,,,,,
Slow down,slight_left,10,,,,,,
Go slower,slight_left,10,,,,,,
Activate lights,turn_off_lights,13,,,,,,
Turn on the lights,turn_off_lights,13,,,,,,
Switch on the headlights,turn_off_lights,13,,,,,,
Light up the road,turn_off_lights,13,,,,,,
Deactivate lights,u-turn,14,,,,,,
Move the wheelchair forward,back,4,,,,,,
Maintain the current direction of the wheelchair,back,4,,,,,,
Move the wheelchair forward,back,4,,,,,,
Move the wheelchair backward,left,5,,,,,,
Turn the wheelchair left,right,6,,,,,,
Turn the wheelchair right,stop,7,,,,,,
Stop the wheelchair completely,speed_up,8,,,,,,
Stop the wheelchair,speed_up,8,,,,,,
Stop the wheelchair and move to the side,speed_up,8,,,,,,
Increase the speed of the wheelchair,slow_down,9,,,,,,
Decrease the speed of the wheelchair,slight_left,10,,,,,,
Turn on the headlights,turn_off_lights,13,,,,,,
Turn off the headlights,u-turn,14,,,,,,
Turn around,u-turn,14,,,,,,
Turn slightly left,slight_right,11,,,,,,
Turn slightly right,turn_on_lights,12,,,,,,
Tilt forward,back,4,,,,,,
Tilt backward,left,5,,,,,,
Lock wheels,speed_up,8,,,,,,
Unlock wheels,on,1,,,,,,
Pause,speed_up,8,,,,,,
Resume,speed_up,8,,,,,,
Rotate the wheelchair 180 degrees,u-turn,14,,,,,,
Engage the brakes to prevent movement,speed_up,8,,,,,,
Release the brakes to allow movement,back,4,,,,,,